"model","mask_source","run_name","accuracy","balanced_accuracy","sensitivity","specificity","precision","f1","roc_auc","dropout","padding"
"EfficientNet-B0","manual","manual_d03_p015","0.9791666666666666","0.984375","1.0","0.96875","0.9411764705882353","0.9696969696969697","0.9921875","0.3","0.15"
"EfficientNet-B0","manual","manual_d04_p020","0.9375","0.953125","1.0","0.90625","0.8421052631578947","0.9142857142857143","0.990234375","0.4","0.2"
"EfficientNet-B0","auto","auto_d03_p015","0.8333333333333334","0.8125","0.75","0.875","0.75","0.75","0.896484375","0.3","0.15"
"EfficientNet-B0","auto","auto_d04_p020","0.8125","0.8125","0.8125","0.8125","0.6842105263157895","0.7428571428571429","0.865234375","0.4","0.2"
