label,n_images,mean_image_mean,std_image_mean,mean_image_min,std_image_min,mean_image_max,std_image_max,mean_image_std,std_image_std,mean_skewness,std_skewness,mean_kurtosis_excess,std_kurtosis_excess,mean_lesion_area_px,std_lesion_area_px,mean_lesion_area_fraction,std_lesion_area_fraction,mean_lesion_intensity,std_lesion_intensity,mean_background_intensity,std_background_intensity,mean_lesion_background_contrast,std_lesion_background_contrast
benign,421,86.23026364885996,21.176717893592308,0.16389548693586697,1.2589595207016377,252.75771971496437,6.625220106123767,51.56225029136676,8.820691268410227,0.5275337781478936,0.3585675729463674,-0.25898560039221247,0.7180231467093534,21012.574821852733,29109.8468558932,0.06815248607935644,0.08252206511765114,66.30799906723855,33.07429497949378,87.58205381651672,21.756441925901274,0.2293581839039823,0.37751332923896547
malignant,209,79.75435080824856,19.913421573775086,0.004784688995215311,0.06917144638660747,251.89952153110048,8.272664076572495,52.86112151990096,9.336021110541303,0.5594231559957364,0.3467274546972174,-0.3800974650816484,0.8163532484828021,43581.674641148325,33022.56368116088,0.14785866975750828,0.10714041649990937,66.88532959787469,27.068032885793304,83.51755995499461,21.878476064561685,0.16460092130255158,0.43350843334534683
