grupo,n,I media,I min,I max,I desvio,asimetria,curtosis,area lesion (px),desvio area (px),I lesion,I fondo,contraste lesion/fondo
benign,421,86.23026364885996,0.16389548693586697,252.75771971496437,51.56225029136676,0.5275337781478936,-0.25898560039221247,21012.574821852733,29109.8468558932,66.30799906723855,87.58205381651672,0.2293581839039823
malignant,209,79.75435080824856,0.004784688995215311,251.89952153110048,52.86112151990096,0.5594231559957364,-0.3800974650816484,43581.674641148325,33022.56368116088,66.88532959787469,83.51755995499461,0.16460092130255158
