label,method,n_images,mean_speckle,std_speckle,mean_high_freq_energy,std_high_freq_energy,mean_lesion_background_contrast,std_lesion_background_contrast
benign,raw,421,0.6317594823108249,0.17793446495146925,0.0023532980789947827,0.0016773831963496622,0.2293581839039823,0.37751332923896547
benign,robust_bilateral,421,0.6852811643265948,0.14868378615843847,0.001758528866933179,0.000920172371881918,0.25732036776664735,0.4042557950889825
benign,robust_nlm,421,0.6901925544268159,0.14867760267986568,0.0020593460818824315,0.0014396375736038713,0.2540794787029798,0.40656336583597585
malignant,raw,209,0.6902222119399394,0.1579563225477156,0.0024354367083769834,0.0020078454787818734,0.16651895217912954,0.4326991535690207
malignant,robust_bilateral,209,0.729889054778227,0.13635668408725285,0.0016021346010668671,0.0008025698667529596,0.17929319530527915,0.44901856690587444
malignant,robust_nlm,209,0.7334233222625856,0.1360635472612438,0.001897978616717049,0.001473545457824657,0.1781440083898572,0.44989186126106584
